R, 0xe3b06aa0, 
W, 0xe3b06eb0, 41 
R, 0xe3b06aa4, 
W, 0xe3b06ef0, 67 
R, 0xe3b06aa8, 
W, 0xe3b06f30, 34 
R, 0xe3b06aac, 
W, 0xe3b06f70, 0 
R, 0xe3b06ab0, 
W, 0xe3b06fb0, 69 
R, 0xe3b06ab4, 
W, 0xe3b06ff0, 24 
R, 0xe3b06ab8, 
W, 0xe3b07030, 78 
R, 0xe3b06abc, 
W, 0xe3b07070, 58 
R, 0xe3b06ac0, 
W, 0xe3b070b0, 62 
R, 0xe3b06ac4, 
W, 0xe3b070f0, 64 
R, 0xe3b06ac8, 
W, 0xe3b07130, 5 
R, 0xe3b06acc, 
W, 0xe3b07170, 45 
R, 0xe3b06ad0, 
W, 0xe3b071b0, 81 
R, 0xe3b06ad4, 
W, 0xe3b071f0, 27 
R, 0xe3b06ad8, 
W, 0xe3b07230, 61 
R, 0xe3b06adc, 
W, 0xe3b07270, 91 
R, 0xe3b06ae0, 
W, 0xe3b06eb4, 95 
R, 0xe3b06ae4, 
W, 0xe3b06ef4, 42 
R, 0xe3b06ae8, 
W, 0xe3b06f34, 27 
R, 0xe3b06aec, 
W, 0xe3b06f74, 36 
R, 0xe3b06af0, 
W, 0xe3b06fb4, 91 
R, 0xe3b06af4, 
W, 0xe3b06ff4, 4 
R, 0xe3b06af8, 
W, 0xe3b07034, 2 
R, 0xe3b06afc, 
W, 0xe3b07074, 53 
R, 0xe3b06b00, 
W, 0xe3b070b4, 92 
R, 0xe3b06b04, 
W, 0xe3b070f4, 82 
R, 0xe3b06b08, 
W, 0xe3b07134, 21 
R, 0xe3b06b0c, 
W, 0xe3b07174, 16 
R, 0xe3b06b10, 
W, 0xe3b071b4, 18 
R, 0xe3b06b14, 
W, 0xe3b071f4, 95 
R, 0xe3b06b18, 
W, 0xe3b07234, 47 
R, 0xe3b06b1c, 
W, 0xe3b07274, 26 
R, 0xe3b06b20, 
W, 0xe3b06eb8, 71 
R, 0xe3b06b24, 
W, 0xe3b06ef8, 38 
R, 0xe3b06b28, 
W, 0xe3b06f38, 69 
R, 0xe3b06b2c, 
W, 0xe3b06f78, 12 
R, 0xe3b06b30, 
W, 0xe3b06fb8, 67 
R, 0xe3b06b34, 
W, 0xe3b06ff8, 99 
R, 0xe3b06b38, 
W, 0xe3b07038, 35 
R, 0xe3b06b3c, 
W, 0xe3b07078, 94 
R, 0xe3b06b40, 
W, 0xe3b070b8, 3 
R, 0xe3b06b44, 
W, 0xe3b070f8, 11 
R, 0xe3b06b48, 
W, 0xe3b07138, 22 
R, 0xe3b06b4c, 
W, 0xe3b07178, 33 
R, 0xe3b06b50, 
W, 0xe3b071b8, 73 
R, 0xe3b06b54, 
W, 0xe3b071f8, 64 
R, 0xe3b06b58, 
W, 0xe3b07238, 41 
R, 0xe3b06b5c, 
W, 0xe3b07278, 11 
R, 0xe3b06b60, 
W, 0xe3b06ebc, 53 
R, 0xe3b06b64, 
W, 0xe3b06efc, 68 
R, 0xe3b06b68, 
W, 0xe3b06f3c, 47 
R, 0xe3b06b6c, 
W, 0xe3b06f7c, 44 
R, 0xe3b06b70, 
W, 0xe3b06fbc, 62 
R, 0xe3b06b74, 
W, 0xe3b06ffc, 57 
R, 0xe3b06b78, 
W, 0xe3b0703c, 37 
R, 0xe3b06b7c, 
W, 0xe3b0707c, 59 
R, 0xe3b06b80, 
W, 0xe3b070bc, 23 
R, 0xe3b06b84, 
W, 0xe3b070fc, 41 
R, 0xe3b06b88, 
W, 0xe3b0713c, 29 
R, 0xe3b06b8c, 
W, 0xe3b0717c, 78 
R, 0xe3b06b90, 
W, 0xe3b071bc, 16 
R, 0xe3b06b94, 
W, 0xe3b071fc, 35 
R, 0xe3b06b98, 
W, 0xe3b0723c, 90 
R, 0xe3b06b9c, 
W, 0xe3b0727c, 42 
R, 0xe3b06ba0, 
W, 0xe3b06ec0, 88 
R, 0xe3b06ba4, 
W, 0xe3b06f00, 6 
R, 0xe3b06ba8, 
W, 0xe3b06f40, 40 
R, 0xe3b06bac, 
W, 0xe3b06f80, 42 
R, 0xe3b06bb0, 
W, 0xe3b06fc0, 64 
R, 0xe3b06bb4, 
W, 0xe3b07000, 48 
R, 0xe3b06bb8, 
W, 0xe3b07040, 46 
R, 0xe3b06bbc, 
W, 0xe3b07080, 5 
R, 0xe3b06bc0, 
W, 0xe3b070c0, 90 
R, 0xe3b06bc4, 
W, 0xe3b07100, 29 
R, 0xe3b06bc8, 
W, 0xe3b07140, 70 
R, 0xe3b06bcc, 
W, 0xe3b07180, 50 
R, 0xe3b06bd0, 
W, 0xe3b071c0, 6 
R, 0xe3b06bd4, 
W, 0xe3b07200, 1 
R, 0xe3b06bd8, 
W, 0xe3b07240, 93 
R, 0xe3b06bdc, 
W, 0xe3b07280, 48 
R, 0xe3b06be0, 
W, 0xe3b06ec4, 29 
R, 0xe3b06be4, 
W, 0xe3b06f04, 23 
R, 0xe3b06be8, 
W, 0xe3b06f44, 84 
R, 0xe3b06bec, 
W, 0xe3b06f84, 54 
R, 0xe3b06bf0, 
W, 0xe3b06fc4, 56 
R, 0xe3b06bf4, 
W, 0xe3b07004, 40 
R, 0xe3b06bf8, 
W, 0xe3b07044, 66 
R, 0xe3b06bfc, 
W, 0xe3b07084, 76 
R, 0xe3b06c00, 
W, 0xe3b070c4, 31 
R, 0xe3b06c04, 
W, 0xe3b07104, 8 
R, 0xe3b06c08, 
W, 0xe3b07144, 44 
R, 0xe3b06c0c, 
W, 0xe3b07184, 39 
R, 0xe3b06c10, 
W, 0xe3b071c4, 26 
R, 0xe3b06c14, 
W, 0xe3b07204, 23 
R, 0xe3b06c18, 
W, 0xe3b07244, 37 
R, 0xe3b06c1c, 
W, 0xe3b07284, 38 
R, 0xe3b06c20, 
W, 0xe3b06ec8, 18 
R, 0xe3b06c24, 
W, 0xe3b06f08, 82 
R, 0xe3b06c28, 
W, 0xe3b06f48, 29 
R, 0xe3b06c2c, 
W, 0xe3b06f88, 41 
R, 0xe3b06c30, 
W, 0xe3b06fc8, 33 
R, 0xe3b06c34, 
W, 0xe3b07008, 15 
R, 0xe3b06c38, 
W, 0xe3b07048, 39 
R, 0xe3b06c3c, 
W, 0xe3b07088, 58 
R, 0xe3b06c40, 
W, 0xe3b070c8, 4 
R, 0xe3b06c44, 
W, 0xe3b07108, 30 
R, 0xe3b06c48, 
W, 0xe3b07148, 77 
R, 0xe3b06c4c, 
W, 0xe3b07188, 6 
R, 0xe3b06c50, 
W, 0xe3b071c8, 73 
R, 0xe3b06c54, 
W, 0xe3b07208, 86 
R, 0xe3b06c58, 
W, 0xe3b07248, 21 
R, 0xe3b06c5c, 
W, 0xe3b07288, 45 
R, 0xe3b06c60, 
W, 0xe3b06ecc, 24 
R, 0xe3b06c64, 
W, 0xe3b06f0c, 72 
R, 0xe3b06c68, 
W, 0xe3b06f4c, 70 
R, 0xe3b06c6c, 
W, 0xe3b06f8c, 29 
R, 0xe3b06c70, 
W, 0xe3b06fcc, 77 
R, 0xe3b06c74, 
W, 0xe3b0700c, 73 
R, 0xe3b06c78, 
W, 0xe3b0704c, 97 
R, 0xe3b06c7c, 
W, 0xe3b0708c, 12 
R, 0xe3b06c80, 
W, 0xe3b070cc, 86 
R, 0xe3b06c84, 
W, 0xe3b0710c, 90 
R, 0xe3b06c88, 
W, 0xe3b0714c, 61 
R, 0xe3b06c8c, 
W, 0xe3b0718c, 36 
R, 0xe3b06c90, 
W, 0xe3b071cc, 55 
R, 0xe3b06c94, 
W, 0xe3b0720c, 67 
R, 0xe3b06c98, 
W, 0xe3b0724c, 55 
R, 0xe3b06c9c, 
W, 0xe3b0728c, 74 
R, 0xe3b06ca0, 
W, 0xe3b06ed0, 31 
R, 0xe3b06ca4, 
W, 0xe3b06f10, 52 
R, 0xe3b06ca8, 
W, 0xe3b06f50, 50 
R, 0xe3b06cac, 
W, 0xe3b06f90, 50 
R, 0xe3b06cb0, 
W, 0xe3b06fd0, 41 
R, 0xe3b06cb4, 
W, 0xe3b07010, 24 
R, 0xe3b06cb8, 
W, 0xe3b07050, 66 
R, 0xe3b06cbc, 
W, 0xe3b07090, 30 
R, 0xe3b06cc0, 
W, 0xe3b070d0, 7 
R, 0xe3b06cc4, 
W, 0xe3b07110, 91 
R, 0xe3b06cc8, 
W, 0xe3b07150, 7 
R, 0xe3b06ccc, 
W, 0xe3b07190, 37 
R, 0xe3b06cd0, 
W, 0xe3b071d0, 57 
R, 0xe3b06cd4, 
W, 0xe3b07210, 87 
R, 0xe3b06cd8, 
W, 0xe3b07250, 53 
R, 0xe3b06cdc, 
W, 0xe3b07290, 83 
R, 0xe3b06ce0, 
W, 0xe3b06ed4, 45 
R, 0xe3b06ce4, 
W, 0xe3b06f14, 9 
R, 0xe3b06ce8, 
W, 0xe3b06f54, 9 
R, 0xe3b06cec, 
W, 0xe3b06f94, 58 
R, 0xe3b06cf0, 
W, 0xe3b06fd4, 21 
R, 0xe3b06cf4, 
W, 0xe3b07014, 88 
R, 0xe3b06cf8, 
W, 0xe3b07054, 22 
R, 0xe3b06cfc, 
W, 0xe3b07094, 46 
R, 0xe3b06d00, 
W, 0xe3b070d4, 6 
R, 0xe3b06d04, 
W, 0xe3b07114, 30 
R, 0xe3b06d08, 
W, 0xe3b07154, 13 
R, 0xe3b06d0c, 
W, 0xe3b07194, 68 
R, 0xe3b06d10, 
W, 0xe3b071d4, 0 
R, 0xe3b06d14, 
W, 0xe3b07214, 91 
R, 0xe3b06d18, 
W, 0xe3b07254, 62 
R, 0xe3b06d1c, 
W, 0xe3b07294, 55 
R, 0xe3b06d20, 
W, 0xe3b06ed8, 10 
R, 0xe3b06d24, 
W, 0xe3b06f18, 59 
R, 0xe3b06d28, 
W, 0xe3b06f58, 24 
R, 0xe3b06d2c, 
W, 0xe3b06f98, 37 
R, 0xe3b06d30, 
W, 0xe3b06fd8, 48 
R, 0xe3b06d34, 
W, 0xe3b07018, 83 
R, 0xe3b06d38, 
W, 0xe3b07058, 95 
R, 0xe3b06d3c, 
W, 0xe3b07098, 41 
R, 0xe3b06d40, 
W, 0xe3b070d8, 2 
R, 0xe3b06d44, 
W, 0xe3b07118, 50 
R, 0xe3b06d48, 
W, 0xe3b07158, 91 
R, 0xe3b06d4c, 
W, 0xe3b07198, 36 
R, 0xe3b06d50, 
W, 0xe3b071d8, 74 
R, 0xe3b06d54, 
W, 0xe3b07218, 20 
R, 0xe3b06d58, 
W, 0xe3b07258, 96 
R, 0xe3b06d5c, 
W, 0xe3b07298, 21 
R, 0xe3b06d60, 
W, 0xe3b06edc, 48 
R, 0xe3b06d64, 
W, 0xe3b06f1c, 99 
R, 0xe3b06d68, 
W, 0xe3b06f5c, 68 
R, 0xe3b06d6c, 
W, 0xe3b06f9c, 84 
R, 0xe3b06d70, 
W, 0xe3b06fdc, 81 
R, 0xe3b06d74, 
W, 0xe3b0701c, 34 
R, 0xe3b06d78, 
W, 0xe3b0705c, 53 
R, 0xe3b06d7c, 
W, 0xe3b0709c, 99 
R, 0xe3b06d80, 
W, 0xe3b070dc, 18 
R, 0xe3b06d84, 
W, 0xe3b0711c, 38 
R, 0xe3b06d88, 
W, 0xe3b0715c, 0 
R, 0xe3b06d8c, 
W, 0xe3b0719c, 88 
R, 0xe3b06d90, 
W, 0xe3b071dc, 27 
R, 0xe3b06d94, 
W, 0xe3b0721c, 67 
R, 0xe3b06d98, 
W, 0xe3b0725c, 28 
R, 0xe3b06d9c, 
W, 0xe3b0729c, 93 
R, 0xe3b06da0, 
W, 0xe3b06ee0, 48 
R, 0xe3b06da4, 
W, 0xe3b06f20, 83 
R, 0xe3b06da8, 
W, 0xe3b06f60, 7 
R, 0xe3b06dac, 
W, 0xe3b06fa0, 21 
R, 0xe3b06db0, 
W, 0xe3b06fe0, 10 
R, 0xe3b06db4, 
W, 0xe3b07020, 17 
R, 0xe3b06db8, 
W, 0xe3b07060, 13 
R, 0xe3b06dbc, 
W, 0xe3b070a0, 14 
R, 0xe3b06dc0, 
W, 0xe3b070e0, 9 
R, 0xe3b06dc4, 
W, 0xe3b07120, 16 
R, 0xe3b06dc8, 
W, 0xe3b07160, 35 
R, 0xe3b06dcc, 
W, 0xe3b071a0, 51 
R, 0xe3b06dd0, 
W, 0xe3b071e0, 0 
R, 0xe3b06dd4, 
W, 0xe3b07220, 49 
R, 0xe3b06dd8, 
W, 0xe3b07260, 19 
R, 0xe3b06ddc, 
W, 0xe3b072a0, 56 
R, 0xe3b06de0, 
W, 0xe3b06ee4, 98 
R, 0xe3b06de4, 
W, 0xe3b06f24, 3 
R, 0xe3b06de8, 
W, 0xe3b06f64, 24 
R, 0xe3b06dec, 
W, 0xe3b06fa4, 8 
R, 0xe3b06df0, 
W, 0xe3b06fe4, 44 
R, 0xe3b06df4, 
W, 0xe3b07024, 9 
R, 0xe3b06df8, 
W, 0xe3b07064, 89 
R, 0xe3b06dfc, 
W, 0xe3b070a4, 2 
R, 0xe3b06e00, 
W, 0xe3b070e4, 95 
R, 0xe3b06e04, 
W, 0xe3b07124, 85 
R, 0xe3b06e08, 
W, 0xe3b07164, 93 
R, 0xe3b06e0c, 
W, 0xe3b071a4, 43 
R, 0xe3b06e10, 
W, 0xe3b071e4, 23 
R, 0xe3b06e14, 
W, 0xe3b07224, 87 
R, 0xe3b06e18, 
W, 0xe3b07264, 14 
R, 0xe3b06e1c, 
W, 0xe3b072a4, 3 
R, 0xe3b06e20, 
W, 0xe3b06ee8, 48 
R, 0xe3b06e24, 
W, 0xe3b06f28, 0 
R, 0xe3b06e28, 
W, 0xe3b06f68, 58 
R, 0xe3b06e2c, 
W, 0xe3b06fa8, 18 
R, 0xe3b06e30, 
W, 0xe3b06fe8, 80 
R, 0xe3b06e34, 
W, 0xe3b07028, 96 
R, 0xe3b06e38, 
W, 0xe3b07068, 98 
R, 0xe3b06e3c, 
W, 0xe3b070a8, 81 
R, 0xe3b06e40, 
W, 0xe3b070e8, 89 
R, 0xe3b06e44, 
W, 0xe3b07128, 98 
R, 0xe3b06e48, 
W, 0xe3b07168, 9 
R, 0xe3b06e4c, 
W, 0xe3b071a8, 57 
R, 0xe3b06e50, 
W, 0xe3b071e8, 72 
R, 0xe3b06e54, 
W, 0xe3b07228, 22 
R, 0xe3b06e58, 
W, 0xe3b07268, 38 
R, 0xe3b06e5c, 
W, 0xe3b072a8, 92 
R, 0xe3b06e60, 
W, 0xe3b06eec, 38 
R, 0xe3b06e64, 
W, 0xe3b06f2c, 79 
R, 0xe3b06e68, 
W, 0xe3b06f6c, 90 
R, 0xe3b06e6c, 
W, 0xe3b06fac, 57 
R, 0xe3b06e70, 
W, 0xe3b06fec, 58 
R, 0xe3b06e74, 
W, 0xe3b0702c, 91 
R, 0xe3b06e78, 
W, 0xe3b0706c, 15 
R, 0xe3b06e7c, 
W, 0xe3b070ac, 88 
R, 0xe3b06e80, 
W, 0xe3b070ec, 56 
R, 0xe3b06e84, 
W, 0xe3b0712c, 11 
R, 0xe3b06e88, 
W, 0xe3b0716c, 2 
R, 0xe3b06e8c, 
W, 0xe3b071ac, 34 
R, 0xe3b06e90, 
W, 0xe3b071ec, 72 
R, 0xe3b06e94, 
W, 0xe3b0722c, 55 
R, 0xe3b06e98, 
W, 0xe3b0726c, 28 
R, 0xe3b06e9c, 
W, 0xe3b072ac, 46 
