R, 0xe3b01260, 
W, 0xe3b072c0, 62 
R, 0xe3b01264, 
W, 0xe3b07300, 86 
R, 0xe3b01268, 
W, 0xe3b07340, 75 
R, 0xe3b0126c, 
W, 0xe3b07380, 33 
R, 0xe3b01270, 
W, 0xe3b073c0, 69 
R, 0xe3b01274, 
W, 0xe3b07400, 42 
R, 0xe3b01278, 
W, 0xe3b07440, 44 
R, 0xe3b0127c, 
W, 0xe3b07480, 16 
R, 0xe3b01280, 
W, 0xe3b074c0, 81 
R, 0xe3b01284, 
W, 0xe3b07500, 98 
R, 0xe3b01288, 
W, 0xe3b07540, 22 
R, 0xe3b0128c, 
W, 0xe3b07580, 51 
R, 0xe3b01290, 
W, 0xe3b075c0, 21 
R, 0xe3b01294, 
W, 0xe3b07600, 99 
R, 0xe3b01298, 
W, 0xe3b07640, 57 
R, 0xe3b0129c, 
W, 0xe3b07680, 76 
R, 0xe3b012a0, 
W, 0xe3b072c4, 92 
R, 0xe3b012a4, 
W, 0xe3b07304, 89 
R, 0xe3b012a8, 
W, 0xe3b07344, 75 
R, 0xe3b012ac, 
W, 0xe3b07384, 12 
R, 0xe3b012b0, 
W, 0xe3b073c4, 0 
R, 0xe3b012b4, 
W, 0xe3b07404, 10 
R, 0xe3b012b8, 
W, 0xe3b07444, 3 
R, 0xe3b012bc, 
W, 0xe3b07484, 69 
R, 0xe3b012c0, 
W, 0xe3b074c4, 61 
R, 0xe3b012c4, 
W, 0xe3b07504, 88 
R, 0xe3b012c8, 
W, 0xe3b07544, 1 
R, 0xe3b012cc, 
W, 0xe3b07584, 89 
R, 0xe3b012d0, 
W, 0xe3b075c4, 55 
R, 0xe3b012d4, 
W, 0xe3b07604, 23 
R, 0xe3b012d8, 
W, 0xe3b07644, 2 
R, 0xe3b012dc, 
W, 0xe3b07684, 85 
R, 0xe3b012e0, 
W, 0xe3b072c8, 82 
R, 0xe3b012e4, 
W, 0xe3b07308, 85 
R, 0xe3b012e8, 
W, 0xe3b07348, 88 
R, 0xe3b012ec, 
W, 0xe3b07388, 26 
R, 0xe3b012f0, 
W, 0xe3b073c8, 17 
R, 0xe3b012f4, 
W, 0xe3b07408, 57 
R, 0xe3b012f8, 
W, 0xe3b07448, 32 
R, 0xe3b012fc, 
W, 0xe3b07488, 32 
R, 0xe3b01300, 
W, 0xe3b074c8, 69 
R, 0xe3b01304, 
W, 0xe3b07508, 54 
R, 0xe3b01308, 
W, 0xe3b07548, 21 
R, 0xe3b0130c, 
W, 0xe3b07588, 89 
R, 0xe3b01310, 
W, 0xe3b075c8, 76 
R, 0xe3b01314, 
W, 0xe3b07608, 29 
R, 0xe3b01318, 
W, 0xe3b07648, 68 
R, 0xe3b0131c, 
W, 0xe3b07688, 92 
R, 0xe3b01320, 
W, 0xe3b072cc, 25 
R, 0xe3b01324, 
W, 0xe3b0730c, 55 
R, 0xe3b01328, 
W, 0xe3b0734c, 34 
R, 0xe3b0132c, 
W, 0xe3b0738c, 49 
R, 0xe3b01330, 
W, 0xe3b073cc, 41 
R, 0xe3b01334, 
W, 0xe3b0740c, 12 
R, 0xe3b01338, 
W, 0xe3b0744c, 45 
R, 0xe3b0133c, 
W, 0xe3b0748c, 60 
R, 0xe3b01340, 
W, 0xe3b074cc, 18 
R, 0xe3b01344, 
W, 0xe3b0750c, 53 
R, 0xe3b01348, 
W, 0xe3b0754c, 39 
R, 0xe3b0134c, 
W, 0xe3b0758c, 23 
R, 0xe3b01350, 
W, 0xe3b075cc, 79 
R, 0xe3b01354, 
W, 0xe3b0760c, 96 
R, 0xe3b01358, 
W, 0xe3b0764c, 87 
R, 0xe3b0135c, 
W, 0xe3b0768c, 29 
R, 0xe3b01360, 
W, 0xe3b072d0, 49 
R, 0xe3b01364, 
W, 0xe3b07310, 37 
R, 0xe3b01368, 
W, 0xe3b07350, 66 
R, 0xe3b0136c, 
W, 0xe3b07390, 49 
R, 0xe3b01370, 
W, 0xe3b073d0, 93 
R, 0xe3b01374, 
W, 0xe3b07410, 95 
R, 0xe3b01378, 
W, 0xe3b07450, 97 
R, 0xe3b0137c, 
W, 0xe3b07490, 16 
R, 0xe3b01380, 
W, 0xe3b074d0, 86 
R, 0xe3b01384, 
W, 0xe3b07510, 5 
R, 0xe3b01388, 
W, 0xe3b07550, 88 
R, 0xe3b0138c, 
W, 0xe3b07590, 82 
R, 0xe3b01390, 
W, 0xe3b075d0, 55 
R, 0xe3b01394, 
W, 0xe3b07610, 34 
R, 0xe3b01398, 
W, 0xe3b07650, 14 
R, 0xe3b0139c, 
W, 0xe3b07690, 1 
R, 0xe3b013a0, 
W, 0xe3b072d4, 16 
R, 0xe3b013a4, 
W, 0xe3b07314, 71 
R, 0xe3b013a8, 
W, 0xe3b07354, 86 
R, 0xe3b013ac, 
W, 0xe3b07394, 63 
R, 0xe3b013b0, 
W, 0xe3b073d4, 13 
R, 0xe3b013b4, 
W, 0xe3b07414, 55 
R, 0xe3b013b8, 
W, 0xe3b07454, 85 
R, 0xe3b013bc, 
W, 0xe3b07494, 53 
R, 0xe3b013c0, 
W, 0xe3b074d4, 12 
R, 0xe3b013c4, 
W, 0xe3b07514, 8 
R, 0xe3b013c8, 
W, 0xe3b07554, 32 
R, 0xe3b013cc, 
W, 0xe3b07594, 45 
R, 0xe3b013d0, 
W, 0xe3b075d4, 13 
R, 0xe3b013d4, 
W, 0xe3b07614, 56 
R, 0xe3b013d8, 
W, 0xe3b07654, 21 
R, 0xe3b013dc, 
W, 0xe3b07694, 58 
R, 0xe3b013e0, 
W, 0xe3b072d8, 46 
R, 0xe3b013e4, 
W, 0xe3b07318, 82 
R, 0xe3b013e8, 
W, 0xe3b07358, 81 
R, 0xe3b013ec, 
W, 0xe3b07398, 44 
R, 0xe3b013f0, 
W, 0xe3b073d8, 96 
R, 0xe3b013f4, 
W, 0xe3b07418, 22 
R, 0xe3b013f8, 
W, 0xe3b07458, 29 
R, 0xe3b013fc, 
W, 0xe3b07498, 61 
R, 0xe3b01400, 
W, 0xe3b074d8, 35 
R, 0xe3b01404, 
W, 0xe3b07518, 50 
R, 0xe3b01408, 
W, 0xe3b07558, 73 
R, 0xe3b0140c, 
W, 0xe3b07598, 66 
R, 0xe3b01410, 
W, 0xe3b075d8, 44 
R, 0xe3b01414, 
W, 0xe3b07618, 59 
R, 0xe3b01418, 
W, 0xe3b07658, 92 
R, 0xe3b0141c, 
W, 0xe3b07698, 39 
R, 0xe3b01420, 
W, 0xe3b072dc, 53 
R, 0xe3b01424, 
W, 0xe3b0731c, 24 
R, 0xe3b01428, 
W, 0xe3b0735c, 54 
R, 0xe3b0142c, 
W, 0xe3b0739c, 10 
R, 0xe3b01430, 
W, 0xe3b073dc, 45 
R, 0xe3b01434, 
W, 0xe3b0741c, 49 
R, 0xe3b01438, 
W, 0xe3b0745c, 86 
R, 0xe3b0143c, 
W, 0xe3b0749c, 13 
R, 0xe3b01440, 
W, 0xe3b074dc, 74 
R, 0xe3b01444, 
W, 0xe3b0751c, 22 
R, 0xe3b01448, 
W, 0xe3b0755c, 68 
R, 0xe3b0144c, 
W, 0xe3b0759c, 18 
R, 0xe3b01450, 
W, 0xe3b075dc, 87 
R, 0xe3b01454, 
W, 0xe3b0761c, 5 
R, 0xe3b01458, 
W, 0xe3b0765c, 58 
R, 0xe3b0145c, 
W, 0xe3b0769c, 91 
R, 0xe3b01460, 
W, 0xe3b072e0, 2 
R, 0xe3b01464, 
W, 0xe3b07320, 25 
R, 0xe3b01468, 
W, 0xe3b07360, 77 
R, 0xe3b0146c, 
W, 0xe3b073a0, 14 
R, 0xe3b01470, 
W, 0xe3b073e0, 14 
R, 0xe3b01474, 
W, 0xe3b07420, 24 
R, 0xe3b01478, 
W, 0xe3b07460, 34 
R, 0xe3b0147c, 
W, 0xe3b074a0, 74 
R, 0xe3b01480, 
W, 0xe3b074e0, 72 
R, 0xe3b01484, 
W, 0xe3b07520, 59 
R, 0xe3b01488, 
W, 0xe3b07560, 33 
R, 0xe3b0148c, 
W, 0xe3b075a0, 70 
R, 0xe3b01490, 
W, 0xe3b075e0, 87 
R, 0xe3b01494, 
W, 0xe3b07620, 97 
R, 0xe3b01498, 
W, 0xe3b07660, 18 
R, 0xe3b0149c, 
W, 0xe3b076a0, 77 
R, 0xe3b014a0, 
W, 0xe3b072e4, 73 
R, 0xe3b014a4, 
W, 0xe3b07324, 70 
R, 0xe3b014a8, 
W, 0xe3b07364, 63 
R, 0xe3b014ac, 
W, 0xe3b073a4, 68 
R, 0xe3b014b0, 
W, 0xe3b073e4, 92 
R, 0xe3b014b4, 
W, 0xe3b07424, 85 
R, 0xe3b014b8, 
W, 0xe3b07464, 2 
R, 0xe3b014bc, 
W, 0xe3b074a4, 80 
R, 0xe3b014c0, 
W, 0xe3b074e4, 13 
R, 0xe3b014c4, 
W, 0xe3b07524, 27 
R, 0xe3b014c8, 
W, 0xe3b07564, 2 
R, 0xe3b014cc, 
W, 0xe3b075a4, 99 
R, 0xe3b014d0, 
W, 0xe3b075e4, 27 
R, 0xe3b014d4, 
W, 0xe3b07624, 25 
R, 0xe3b014d8, 
W, 0xe3b07664, 43 
R, 0xe3b014dc, 
W, 0xe3b076a4, 24 
R, 0xe3b014e0, 
W, 0xe3b072e8, 23 
R, 0xe3b014e4, 
W, 0xe3b07328, 72 
R, 0xe3b014e8, 
W, 0xe3b07368, 61 
R, 0xe3b014ec, 
W, 0xe3b073a8, 81 
R, 0xe3b014f0, 
W, 0xe3b073e8, 3 
R, 0xe3b014f4, 
W, 0xe3b07428, 32 
R, 0xe3b014f8, 
W, 0xe3b07468, 5 
R, 0xe3b014fc, 
W, 0xe3b074a8, 93 
R, 0xe3b01500, 
W, 0xe3b074e8, 25 
R, 0xe3b01504, 
W, 0xe3b07528, 31 
R, 0xe3b01508, 
W, 0xe3b07568, 92 
R, 0xe3b0150c, 
W, 0xe3b075a8, 42 
R, 0xe3b01510, 
W, 0xe3b075e8, 22 
R, 0xe3b01514, 
W, 0xe3b07628, 86 
R, 0xe3b01518, 
W, 0xe3b07668, 64 
R, 0xe3b0151c, 
W, 0xe3b076a8, 0 
R, 0xe3b01520, 
W, 0xe3b072ec, 87 
R, 0xe3b01524, 
W, 0xe3b0732c, 60 
R, 0xe3b01528, 
W, 0xe3b0736c, 13 
R, 0xe3b0152c, 
W, 0xe3b073ac, 74 
R, 0xe3b01530, 
W, 0xe3b073ec, 70 
R, 0xe3b01534, 
W, 0xe3b0742c, 70 
R, 0xe3b01538, 
W, 0xe3b0746c, 35 
R, 0xe3b0153c, 
W, 0xe3b074ac, 33 
R, 0xe3b01540, 
W, 0xe3b074ec, 11 
R, 0xe3b01544, 
W, 0xe3b0752c, 60 
R, 0xe3b01548, 
W, 0xe3b0756c, 96 
R, 0xe3b0154c, 
W, 0xe3b075ac, 67 
R, 0xe3b01550, 
W, 0xe3b075ec, 85 
R, 0xe3b01554, 
W, 0xe3b0762c, 50 
R, 0xe3b01558, 
W, 0xe3b0766c, 40 
R, 0xe3b0155c, 
W, 0xe3b076ac, 94 
R, 0xe3b01560, 
W, 0xe3b072f0, 95 
R, 0xe3b01564, 
W, 0xe3b07330, 24 
R, 0xe3b01568, 
W, 0xe3b07370, 19 
R, 0xe3b0156c, 
W, 0xe3b073b0, 25 
R, 0xe3b01570, 
W, 0xe3b073f0, 76 
R, 0xe3b01574, 
W, 0xe3b07430, 94 
R, 0xe3b01578, 
W, 0xe3b07470, 58 
R, 0xe3b0157c, 
W, 0xe3b074b0, 2 
R, 0xe3b01580, 
W, 0xe3b074f0, 71 
R, 0xe3b01584, 
W, 0xe3b07530, 66 
R, 0xe3b01588, 
W, 0xe3b07570, 78 
R, 0xe3b0158c, 
W, 0xe3b075b0, 93 
R, 0xe3b01590, 
W, 0xe3b075f0, 51 
R, 0xe3b01594, 
W, 0xe3b07630, 84 
R, 0xe3b01598, 
W, 0xe3b07670, 18 
R, 0xe3b0159c, 
W, 0xe3b076b0, 64 
R, 0xe3b015a0, 
W, 0xe3b072f4, 19 
R, 0xe3b015a4, 
W, 0xe3b07334, 52 
R, 0xe3b015a8, 
W, 0xe3b07374, 0 
R, 0xe3b015ac, 
W, 0xe3b073b4, 87 
R, 0xe3b015b0, 
W, 0xe3b073f4, 60 
R, 0xe3b015b4, 
W, 0xe3b07434, 26 
R, 0xe3b015b8, 
W, 0xe3b07474, 10 
R, 0xe3b015bc, 
W, 0xe3b074b4, 57 
R, 0xe3b015c0, 
W, 0xe3b074f4, 70 
R, 0xe3b015c4, 
W, 0xe3b07534, 15 
R, 0xe3b015c8, 
W, 0xe3b07574, 76 
R, 0xe3b015cc, 
W, 0xe3b075b4, 27 
R, 0xe3b015d0, 
W, 0xe3b075f4, 43 
R, 0xe3b015d4, 
W, 0xe3b07634, 58 
R, 0xe3b015d8, 
W, 0xe3b07674, 64 
R, 0xe3b015dc, 
W, 0xe3b076b4, 9 
R, 0xe3b015e0, 
W, 0xe3b072f8, 82 
R, 0xe3b015e4, 
W, 0xe3b07338, 86 
R, 0xe3b015e8, 
W, 0xe3b07378, 65 
R, 0xe3b015ec, 
W, 0xe3b073b8, 87 
R, 0xe3b015f0, 
W, 0xe3b073f8, 77 
R, 0xe3b015f4, 
W, 0xe3b07438, 74 
R, 0xe3b015f8, 
W, 0xe3b07478, 25 
R, 0xe3b015fc, 
W, 0xe3b074b8, 27 
R, 0xe3b01600, 
W, 0xe3b074f8, 29 
R, 0xe3b01604, 
W, 0xe3b07538, 28 
R, 0xe3b01608, 
W, 0xe3b07578, 23 
R, 0xe3b0160c, 
W, 0xe3b075b8, 20 
R, 0xe3b01610, 
W, 0xe3b075f8, 2 
R, 0xe3b01614, 
W, 0xe3b07638, 62 
R, 0xe3b01618, 
W, 0xe3b07678, 23 
R, 0xe3b0161c, 
W, 0xe3b076b8, 96 
R, 0xe3b01620, 
W, 0xe3b072fc, 37 
R, 0xe3b01624, 
W, 0xe3b0733c, 61 
R, 0xe3b01628, 
W, 0xe3b0737c, 95 
R, 0xe3b0162c, 
W, 0xe3b073bc, 25 
R, 0xe3b01630, 
W, 0xe3b073fc, 64 
R, 0xe3b01634, 
W, 0xe3b0743c, 60 
R, 0xe3b01638, 
W, 0xe3b0747c, 2 
R, 0xe3b0163c, 
W, 0xe3b074bc, 16 
R, 0xe3b01640, 
W, 0xe3b074fc, 30 
R, 0xe3b01644, 
W, 0xe3b0753c, 26 
R, 0xe3b01648, 
W, 0xe3b0757c, 11 
R, 0xe3b0164c, 
W, 0xe3b075bc, 71 
R, 0xe3b01650, 
W, 0xe3b075fc, 11 
R, 0xe3b01654, 
W, 0xe3b0763c, 47 
R, 0xe3b01658, 
W, 0xe3b0767c, 53 
R, 0xe3b0165c, 
W, 0xe3b076bc, 20 
